Nombre_Archivo,Nro_Filas,Radiacion Global Horizontal[label: GHI] [W/m2],Radiacion Directa Normal[label: DNI] [W/m2],Radiacion Difusa[label: DIF] [W/m2],Temperatura en 2 metros (Corejida)[label: Temp] [C]
chl_alto_del_carmen_huasco_11_09_2025.processed.parquet,8760,Sí,Sí,Sí,Sí
chl_alto_hospicio_iquique_11_09_2025.processed.parquet,8760,Sí,Sí,Sí,Sí
chl_andacollo_elqui_18_09_2025.processed.parquet,8760,Sí,Sí,Sí,Sí
chl_antofagasta_antofagasta_18_09_2025.processed.parquet,8760,Sí,Sí,Sí,Sí
chl_arica_arica_18_09_2025.processed.parquet,8760,Sí,Sí,Sí,Sí
chl_calama_el_loa_11_09_2025.processed.parquet,8760,Sí,Sí,Sí,Sí
chl_caldera_copiapó_18_09_2025.processed.parquet,8760,Sí,Sí,Sí,Sí
chl_camarones_arica_11_09_2025.processed.parquet,8760,Sí,Sí,Sí,Sí
chl_camiña_tamarugal_18_09_2025.processed.parquet,8760,Sí,Sí,Sí,Sí
chl_chañaral_chañaral_18_09_2025.processed.parquet,8760,Sí,Sí,Sí,Sí
chl_copiapó_copiapó_11_09_2025.processed.parquet,8760,Sí,Sí,Sí,Sí
chl_diego_de_almagro_chañaral_11_09_2025.processed.parquet,8760,Sí,Sí,Sí,Sí
chl_freirina_huasco_18_09_2025.processed.parquet,8760,Sí,Sí,Sí,Sí
chl_huara_tamarugal_18_09_2025.processed.parquet,8760,Sí,Sí,Sí,Sí
chl_illapel_choapa_11_09_2025.processed.parquet,8760,Sí,Sí,Sí,Sí
chl_iquique_iquique_11_09_2025.processed.parquet,8760,Sí,Sí,Sí,Sí
chl_la_cisterna_santiago_05_09_2025.processed.parquet,8760,Sí,Sí,Sí,Sí
chl_la_higuera_elqui_11_09_2025.processed.parquet,8760,Sí,Sí,Sí,Sí
chl_la_serena_elqui_18_09_2025.processed.parquet,8760,Sí,Sí,Sí,Sí
chl_maría_elena_tocopilla_11_09_2025.processed.parquet,8760,Sí,Sí,Sí,Sí
chl_mejillones_antofagasta_18_09_2025.processed.parquet,8760,Sí,Sí,Sí,Sí
chl_monte_patria_limarí_18_09_2025.processed.parquet,8760,Sí,Sí,Sí,Sí
chl_taltal_antofagasta_18_09_2025.processed.parquet,8760,Sí,Sí,Sí,Sí
chl_tocopilla_tocopilla_11_09_2025.processed.parquet,8760,Sí,Sí,Sí,Sí
col_arauca_arauca_19_09_2025.processed.parquet,8760,Sí,No,No,Sí
col_arjona_bolívar_19_09_2025.processed.parquet,8760,Sí,No,No,Sí
col_armenia_quindío_19_09_2025.processed.parquet,8760,Sí,No,No,Sí
col_barranquilla_atlántico_19_09_2025.processed.parquet,8760,Sí,No,No,Sí
"col_bogotá,_d.c._bogotá,_d.c._19_09_2025.processed.parquet",8760,Sí,No,No,Sí
col_bucaramanga_santander_19_09_2025.processed.parquet,8760,Sí,No,No,Sí
col_cali_valle_del_cauca_19_09_2025.processed.parquet,8760,Sí,No,No,Sí
col_cúcuta_norte_de_santander_19_09_2025.processed.parquet,8760,Sí,No,No,Sí
col_florencia_caquetá_19_09_2025.processed.parquet,8760,Sí,No,No,Sí
col_ibagué_tolima_19_09_2025.processed.parquet,8760,Sí,No,No,Sí
col_inírida_guainía_19_09_2025.processed.parquet,8760,Sí,No,No,Sí
col_leticia_amazonas_19_09_2025.processed.parquet,8760,Sí,No,No,Sí
col_manizales_caldas_19_09_2025.processed.parquet,8760,Sí,No,No,Sí
col_medellín_antioquia_19_09_2025.processed.parquet,8760,Sí,No,No,Sí
col_mitú_vaupés_19_09_2025.processed.parquet,8760,Sí,No,No,Sí
col_mocoa_putumayo_19_09_2025.processed.parquet,8760,Sí,No,No,Sí
col_montería_córdoba_19_09_2025.processed.parquet,8760,Sí,No,No,Sí
col_neiva_huila_19_09_2025.processed.parquet,8760,Sí,No,No,Sí
col_pasto_nariño_19_09_2025.processed.parquet,8760,Sí,No,No,Sí
col_pereira_risaralda_19_09_2025.processed.parquet,8760,Sí,No,No,Sí
col_popayán_cauca_19_09_2025.processed.parquet,8760,Sí,No,No,Sí
col_puerto_carreño_vichada_19_09_2025.processed.parquet,8760,Sí,No,No,Sí
col_quibdó_chocó_19_09_2025.processed.parquet,8760,Sí,No,No,Sí
col_riohacha_la_guajira_19_09_2025.processed.parquet,8760,Sí,No,No,Sí
col_san_andrés_san_andrés_y_providencia_19_09_2025.processed.parquet,8760,Sí,No,No,Sí
col_san_josé_del_guaviare_guaviare_19_09_2025.processed.parquet,8760,Sí,No,No,Sí
col_santa_marta_magdalena_19_09_2025.processed.parquet,8760,Sí,No,No,Sí
col_sincelejo_sucre_19_09_2025.processed.parquet,8760,Sí,No,No,Sí
col_valledupar_cesar_19_09_2025.processed.parquet,8760,Sí,No,No,Sí
col_villavicencio_meta_19_09_2025.processed.parquet,8760,Sí,No,No,Sí
col_yopal_casanare_19_09_2025.processed.parquet,8760,Sí,No,No,Sí
ecu_ambato_ambato_12_09_2025.processed.parquet,8760,Sí,No,No,Sí
ecu_azogues_azogues_12_09_2025.processed.parquet,8760,Sí,No,No,Sí
ecu_babahoyo_babahoyo_12_09_2025.processed.parquet,8760,Sí,No,No,Sí
ecu_balzar_balzar_12_09_2025.processed.parquet,8760,Sí,No,No,Sí
ecu_caluma_caluma_12_09_2025.processed.parquet,8760,Sí,No,No,Sí
ecu_catamayo_catamayo_12_09_2025.processed.parquet,8760,Sí,No,No,Sí
ecu_cayambe_cayambe_12_09_2025.processed.parquet,8760,Sí,No,No,Sí
ecu_chone_chone_12_09_2025.processed.parquet,8760,Sí,No,No,Sí
ecu_cuenca_cuenca_12_09_2025.processed.parquet,8760,Sí,No,No,Sí
ecu_el_carmen_el_carmen_12_09_2025.processed.parquet,8760,Sí,No,No,Sí
ecu_el_coca_francisco_de_orellana_12_09_2025.processed.parquet,8760,Sí,No,No,Sí
ecu_esmeraldas_esmeraldas_18_09_2025.processed.parquet,8760,Sí,No,No,Sí
ecu_gualaceo_gualaceo_12_09_2025.processed.parquet,8760,Sí,No,No,Sí
ecu_gualaquiza_gualaquiza_18_09_2025.processed.parquet,8760,Sí,No,No,Sí
ecu_guaranda_guaranda_12_09_2025.processed.parquet,8760,Sí,No,No,Sí
ecu_guayaquil_guayaquil_12_09_2025.processed.parquet,8760,Sí,No,No,Sí
ecu_la_troncal_la_troncal_12_09_2025.processed.parquet,8760,Sí,No,No,Sí
ecu_las_naves_las_naves_12_09_2025.processed.parquet,8760,Sí,No,No,Sí
ecu_latacunga_latacunga_12_09_2025.processed.parquet,8760,Sí,No,No,Sí
ecu_loja_loja_12_09_2025.processed.parquet,8760,Sí,No,No,Sí
ecu_machala_machala_12_09_2025.processed.parquet,8760,Sí,No,No,Sí
ecu_manta_manta_12_09_2025.processed.parquet,8760,Sí,No,No,Sí
ecu_mira_mira_18_09_2025.processed.parquet,8760,Sí,No,No,Sí
ecu_pallatanga_pallatanga_12_09_2025.processed.parquet,8760,Sí,No,No,Sí
ecu_pedernales_pedernales_12_09_2025.processed.parquet,8760,Sí,No,No,Sí
ecu_portoviejo_portoviejo_12_09_2025.processed.parquet,8760,Sí,No,No,Sí
ecu_quevedo_quevedo_12_09_2025.processed.parquet,8760,Sí,No,No,Sí
ecu_quito_quito_12_09_2025.processed.parquet,8760,Sí,No,No,Sí
ecu_riobamba_riobamba_12_09_2025.processed.parquet,8760,Sí,No,No,Sí
ecu_salinas_ibarra_12_09_2025.processed.parquet,8760,Sí,No,No,Sí
ecu_san_miguel_de_ibarra_ibarra_12_09_2025.processed.parquet,8760,Sí,No,No,Sí
ecu_santa_isabel_santa_isabel_12_09_2025.processed.parquet,8760,Sí,No,No,Sí
ecu_santa_rosa_santa_rosa_12_09_2025.processed.parquet,8760,Sí,No,No,Sí
ecu_tena_tena_12_09_2025.processed.parquet,8760,Sí,No,No,Sí
ecu_zamora_zamora_12_09_2025.processed.parquet,8760,Sí,No,No,Sí
ecu_zaruma_zaruma_18_09_2025.processed.parquet,8760,Sí,No,No,Sí
per_abancay_abancay_16_09_2025.processed.parquet,8760,Sí,No,No,Sí
per_arequipa_arequipa_16_09_2025.processed.parquet,8760,Sí,No,No,Sí
per_ayacucho_huamanga_16_09_2025.processed.parquet,8760,Sí,No,No,Sí
per_chachapoyas_chachapoyas_12_09_2025.processed.parquet,8760,Sí,No,No,Sí
per_chaupimarca_pasco_16_09_2025.processed.parquet,8760,Sí,No,No,Sí
per_cusco_cusco_16_09_2025.processed.parquet,8760,Sí,No,No,Sí
per_huancavelica_huancavelica_16_09_2025.processed.parquet,8760,Sí,No,No,Sí
per_huancayo_huancayo_12_09_2025.processed.parquet,8760,Sí,No,No,Sí
per_huaraz_huaraz_16_09_2025.processed.parquet,8760,Sí,No,No,Sí
per_huánuco_huánuco_16_09_2025.processed.parquet,8760,Sí,No,No,Sí
per_ica_ica_16_09_2025.processed.parquet,8760,Sí,No,No,Sí
per_iquitos_maynas_16_09_2025.processed.parquet,8760,Sí,No,No,Sí
per_lambayeque_lambayeque_12_09_2025.processed.parquet,8760,Sí,No,No,Sí
per_lima_lima_12_09_2025.processed.parquet,8760,Sí,No,No,Sí
per_moquegua_mariscal_nieto_16_09_2025.processed.parquet,8760,Sí,No,No,Sí
per_moyobamba_moyobamba_16_09_2025.processed.parquet,8760,Sí,No,No,Sí
per_piura_piura_16_09_2025.processed.parquet,8760,Sí,No,No,Sí
per_puno_puno_16_09_2025.processed.parquet,8760,Sí,No,No,Sí
per_san_miguel_lima_16_09_2025.processed.parquet,8760,Sí,No,No,Sí
per_sullana_sullana_16_09_2025.processed.parquet,8760,Sí,No,No,Sí
per_tambopata_tambopata_16_09_2025.processed.parquet,8760,Sí,No,No,Sí
per_trujillo_trujillo_12_09_2025.processed.parquet,8760,Sí,No,No,Sí
per_yarinacocha_coronel_portillo_16_09_2025.processed.parquet,8760,Sí,No,No,Sí
